
INSERT INTO `admin_menus` (`id`, `active`, `name`, `icon`, `route_uri`, `method`, `parent_id`, `order`, `visibility`, `description`, `is_delete`, `user_id`, `created_at`, `updated_at`) VALUES
(1, 1, 'Access Control', 'fa-lock', '#', 'GET', 0, 3, 1, 'Access Control Main Menu.', 0, 1, '2019-08-28 23:05:58', '2019-09-04 03:01:09'),
(2, 1, 'Admin Menu', 'fa-list', '#', 'GET', 1, 0, 1, 'Parent Menu! ', 0, 1, '2019-08-28 23:07:10', '2019-08-28 23:17:29'),
(3, 1, 'All admin-menu', 'fa-list', 'admin/admin-menu', 'GET', 2, 0, 1, 'Data Tables! ', 0, 1, '2019-08-28 23:07:11', '2019-08-28 23:17:29'),
(4, 1, 'Save admin-menu', '', 'admin/admin-menu', 'POST', 2, NULL, 0, 'Store! ', 0, 1, '2019-08-28 23:07:11', '2019-08-28 23:07:11'),
(5, 1, 'Add admin-menu', 'fa-pencil-square-o', 'admin/admin-menu/create', 'GET', 2, 1, 1, 'Create! ', 0, 1, '2019-08-28 23:07:11', '2019-08-28 23:17:29'),
(6, 1, 'Update admin-menu', '', 'admin/admin-menu/{admin_menu}', 'PUT', 2, NULL, 0, 'Update! ', 0, 1, '2019-08-28 23:07:11', '2019-08-28 23:07:11'),
(7, 1, 'Show admin-menu', '', 'admin/admin-menu/{admin_menu}', 'GET', 2, NULL, 0, 'Show! ', 0, 1, '2019-08-28 23:07:11', '2019-08-28 23:07:11'),
(8, 1, 'Destroy admin-menu', '', 'admin/admin-menu/{admin_menu}', 'DELETE', 2, NULL, 0, 'Destroy! ', 0, 1, '2019-08-28 23:07:11', '2019-08-28 23:07:11'),
(9, 1, 'Edit admin-menu', '', 'admin/admin-menu/{admin_menu}/edit', 'GET', 2, NULL, 0, 'Edit! ', 0, 1, '2019-08-28 23:07:11', '2019-08-28 23:07:11'),
(10, 1, 'Save Resource Menu', '', 'admin/save-resource-menu', 'POST', 2, NULL, 0, 'Save Resource Menu', 0, 1, '2019-08-28 23:07:59', '2019-08-28 23:08:11'),
(11, 1, 'Clone Admin Menu', '', 'admin/admin-menu/{admin_menu}/clone', 'GET', 2, NULL, 0, 'Clone Admin Menu', 0, 1, '2019-08-28 23:08:58', '2019-08-28 23:08:58'),
(12, 1, 'Users', 'fa-users', '#', 'GET', 1, 2, 1, 'Parent Menu! ', 0, 1, '2019-08-28 23:10:47', '2019-08-28 23:17:29'),
(13, 1, 'All user', 'fa-list', 'admin/user', 'GET', 12, 0, 1, 'Data Tables! ', 0, 1, '2019-08-28 23:10:48', '2019-08-28 23:17:42'),
(14, 1, 'Save user', '', 'admin/user', 'POST', 12, NULL, 0, 'Store! ', 0, 1, '2019-08-28 23:10:48', '2019-08-28 23:10:48'),
(15, 1, 'Add user', 'fa-pencil-square-o', 'admin/user/create', 'GET', 12, 1, 1, 'Create! ', 0, 1, '2019-08-28 23:10:48', '2019-08-28 23:17:42'),
(16, 1, 'Update user', '', 'admin/user/{user}', 'PUT', 12, NULL, 0, 'Update! ', 0, 1, '2019-08-28 23:10:48', '2019-08-28 23:10:48'),
(17, 1, 'Show user', '', 'admin/user/{user}', 'GET', 12, NULL, 0, 'Show! ', 0, 1, '2019-08-28 23:10:48', '2019-08-28 23:10:48'),
(18, 1, 'Destroy user', '', 'admin/user/{user}', 'DELETE', 12, NULL, 0, 'Destroy! ', 0, 1, '2019-08-28 23:10:48', '2019-08-28 23:10:48'),
(19, 1, 'Edit user', '', 'admin/user/{user}/edit', 'GET', 12, NULL, 0, 'Edit! ', 0, 1, '2019-08-28 23:10:48', '2019-08-28 23:10:48'),
(20, 1, 'Role', 'fa-user', '#', 'GET', 1, 1, 1, 'Parent Menu! ', 0, 1, '2019-08-28 23:11:38', '2019-08-28 23:17:29'),
(21, 1, 'All role', 'fa-list', 'admin/role', 'GET', 20, 0, 1, 'Data Tables! ', 0, 1, '2019-08-28 23:11:38', '2019-08-28 23:17:37'),
(22, 1, 'Save role', '', 'admin/role', 'POST', 20, NULL, 0, 'Store! ', 0, 1, '2019-08-28 23:11:38', '2019-08-28 23:11:38'),
(23, 1, 'Add role', 'fa-pencil-square-o', 'admin/role/create', 'GET', 20, 1, 1, 'Create! ', 0, 1, '2019-08-28 23:11:38', '2019-08-28 23:17:37'),
(24, 1, 'Update role', '', 'admin/role/{role}', 'PUT', 20, NULL, 0, 'Update! ', 0, 1, '2019-08-28 23:11:38', '2019-08-28 23:11:38'),
(25, 1, 'Show role', '', 'admin/role/{role}', 'GET', 20, NULL, 0, 'Show! ', 0, 1, '2019-08-28 23:11:38', '2019-08-28 23:11:38'),
(26, 1, 'Destroy role', '', 'admin/role/{role}', 'DELETE', 20, NULL, 0, 'Destroy! ', 0, 1, '2019-08-28 23:11:38', '2019-08-28 23:11:38'),
(27, 1, 'Edit role', '', 'admin/role/{role}/edit', 'GET', 20, NULL, 0, 'Edit! ', 0, 1, '2019-08-28 23:11:38', '2019-08-28 23:11:38'),
(28, 1, 'Setup Access', 'fa-check-square-o', '#', 'GET', 1, 3, 1, 'Parent Menu!', 0, 1, '2019-08-28 23:12:14', '2019-08-28 23:17:29'),
(29, 1, 'Alignment', 'fa-list', 'admin/setup-access', 'GET', 28, 0, 1, 'Data Tables!', 0, 1, '2019-08-28 23:12:14', '2019-08-28 23:17:47'),
(30, 1, 'Save setup-access', '', 'admin/setup-access', 'POST', 28, NULL, 0, 'Store! ', 0, 1, '2019-08-28 23:12:14', '2019-08-28 23:12:14'),
(31, 1, 'Permission', 'fa-pencil-square-o', 'admin/setup-access/create', 'GET', 28, 1, 1, 'Create!', 0, 1, '2019-08-28 23:12:14', '2019-08-28 23:17:47'),
(32, 1, 'Update setup-access', '', 'admin/setup-access/{setup_access}', 'PUT', 28, NULL, 0, 'Update! ', 0, 1, '2019-08-28 23:12:14', '2019-08-28 23:12:14'),
(33, 1, 'Show setup-access', '', 'admin/setup-access/{setup_access}', 'GET', 28, NULL, 0, 'Show! ', 0, 1, '2019-08-28 23:12:14', '2019-08-28 23:12:14'),
(34, 1, 'Destroy setup-access', '', 'admin/setup-access/{setup_access}', 'DELETE', 28, NULL, 0, 'Destroy! ', 0, 1, '2019-08-28 23:12:14', '2019-08-28 23:12:14'),
(35, 1, 'Edit setup-access', '', 'admin/setup-access/{setup_access}/edit', 'GET', 28, NULL, 0, 'Edit! ', 0, 1, '2019-08-28 23:12:14', '2019-08-28 23:12:14'),
(36, 1, 'Find Admin Menu', '', 'admin/find-admin-menu', 'POST', 28, NULL, 0, 'Find Admin Menu BY AJAX Request', 0, 1, '2019-08-28 23:13:30', '2019-08-28 23:13:30'),
(37, 1, 'Find Alignment Menu', '', 'admin/find-alignment-menu', 'POST', 28, NULL, 0, 'Find Alignment Menu by AJAX request.', 0, 1, '2019-08-28 23:14:16', '2019-08-28 23:14:16'),
(38, 1, 'Save Alignment', '', 'admin/save-alignment', 'POST', 28, NULL, 0, 'Save Menu Alignment.', 0, 1, '2019-08-28 23:15:00', '2019-08-28 23:15:00'),
(39, 1, 'Artisan', 'fa-terminal', 'admin/artisan', 'GET', 1, 4, 1, 'This menu control the artisan command.', 0, 1, '2019-08-31 22:07:37', '2019-09-01 00:06:17'),
(40, 1, 'Artisan Caching', '', 'admin/artisan/cache/{key}', 'GET', 39, NULL, 0, 'This menu for Artisan Caching command.', 0, 1, '2019-08-31 22:51:28', '2019-08-31 23:36:22'),
(41, 1, 'Artisan Clear Caching', '', 'admin/artisan/clear-cache/{key}', 'GET', 39, NULL, 0, 'This menu for Artisan Clear Cache command.', 0, 1, '2019-08-31 23:16:47', '2019-08-31 23:36:12'),
(42, 1, 'Artisan migration with seed.', '', 'admin/artisan/migrate-seed/{app_key}', 'GET', 39, NULL, 0, 'This menu for Artisan migration with seed command.', 0, 1, '2019-08-31 23:47:51', '2019-08-31 23:47:51'),
(43, 1, 'Artisan Database seed', '', 'admin/artisan/db-seed/{app_key}', 'GET', 39, NULL, 0, 'This menu for Artisan Database seed command.', 0, 1, '2019-09-01 00:10:00', '2019-09-01 00:10:00'),
(44, 1, 'Artisan Command Down', '', 'admin/artisan/down/{app_key}', 'GET', 39, NULL, 0, 'This menu for Artisan Command Down command.', 0, 1, '2019-09-01 00:13:49', '2019-09-01 00:13:49'),
(45, 1, 'Artisan Command Up', '', 'admin/artisan/up/{app_key}', 'GET', 39, NULL, 0, 'This menu for Artisan Command Up command.', 0, 1, '2019-09-01 00:14:06', '2019-09-01 00:14:06'),
(46, 1, 'Accessibility', 'fa-check-square', '#', 'GET', 0, 2, 1, 'This is the parent menu of all Accessibility menus.', 0, 1, '2019-09-01 00:44:39', '2019-09-04 03:01:09'),
(47, 1, 'Module', 'fa-list', '#', 'GET', 46, 4, 1, 'Parent Menu! ', 0, 1, '2019-09-01 00:47:07', '2019-09-02 05:28:00'),
(48, 1, 'All module', 'fa-list', 'admin/module', 'GET', 47, NULL, 1, 'Data Tables! ', 0, 1, '2019-09-01 00:47:07', '2019-09-01 00:47:07'),
(49, 1, 'Save module', '', 'admin/module', 'POST', 47, NULL, 0, 'Store! ', 0, 1, '2019-09-01 00:47:07', '2019-09-01 00:47:07'),
(50, 1, 'Add module', 'fa-pencil-square-o', 'admin/module/create', 'GET', 47, NULL, 1, 'Create! ', 0, 1, '2019-09-01 00:47:07', '2019-09-01 00:47:07'),
(51, 1, 'Update module', '', 'admin/module/{module}', 'PUT', 47, NULL, 0, 'Update! ', 0, 1, '2019-09-01 00:47:07', '2019-09-01 00:47:07'),
(52, 1, 'Show module', '', 'admin/module/{module}', 'GET', 47, NULL, 0, 'Show! ', 0, 1, '2019-09-01 00:47:07', '2019-09-01 00:47:07'),
(53, 1, 'Destroy module', '', 'admin/module/{module}', 'DELETE', 47, NULL, 0, 'Destroy! ', 0, 1, '2019-09-01 00:47:07', '2019-09-01 00:47:07'),
(54, 1, 'Edit module', '', 'admin/module/{module}/edit', 'GET', 47, NULL, 0, 'Edit! ', 0, 1, '2019-09-01 00:47:08', '2019-09-01 00:47:08'),
(55, 1, 'Settings', 'fa-wrench', '#', 'GET', 46, 5, 1, 'This is the parent menu settings.', 0, 1, '2019-09-02 00:01:36', '2019-09-02 05:28:01'),
(56, 1, 'General settings', 'fa-flag', 'admin/settings/general-settings', 'GET', 55, 0, 1, 'This is the General settings menu.', 0, 1, '2019-09-02 00:02:20', '2019-09-02 02:49:04'),
(57, 1, 'Save general settings', '', 'admin/settings/general-settings-save', 'POST', 55, NULL, 0, 'Save general settings', 0, 1, '2019-09-02 00:03:15', '2019-09-02 00:03:15'),
(58, 1, 'Themes', 'fa-puzzle-piece', 'admin/settings/theme', 'GET', 55, 1, 1, 'This menu for theme settings.', 0, 1, '2019-09-02 00:31:42', '2019-09-02 02:49:04'),
(59, 1, 'Save Themes', '', 'admin/settings/theme-settings-save', 'POST', 55, NULL, 0, 'This is the settings request for save the themes.', 0, 1, '2019-09-02 00:33:33', '2019-09-02 00:33:33'),
(60, 1, 'Manage Term', 'fa-flag', '#', 'GET', 46, 3, 1, 'Parent Menu! ', 0, 1, '2019-09-02 04:48:14', '2019-09-02 05:28:00'),
(61, 1, 'All term', 'fa-list', 'admin/term', 'GET', 60, 0, 1, 'Data Tables! ', 0, 1, '2019-09-02 04:48:15', '2019-09-02 04:49:15'),
(62, 1, 'Save term', '', 'admin/term', 'POST', 60, NULL, 0, 'Store! ', 0, 1, '2019-09-02 04:48:15', '2019-09-02 04:48:15'),
(63, 1, 'Add term', 'fa-pencil-square-o', 'admin/term/create', 'GET', 60, 1, 1, 'Create! ', 0, 1, '2019-09-02 04:48:15', '2019-09-02 04:49:15'),
(64, 1, 'Update term', '', 'admin/term/{term}', 'PUT', 60, NULL, 0, 'Update! ', 0, 1, '2019-09-02 04:48:15', '2019-09-02 04:48:15'),
(65, 1, 'Show term', '', 'admin/term/{term}', 'GET', 60, NULL, 0, 'Show! ', 0, 1, '2019-09-02 04:48:15', '2019-09-02 04:48:15'),
(66, 1, 'Destroy term', '', 'admin/term/{term}', 'DELETE', 60, NULL, 0, 'Destroy! ', 0, 1, '2019-09-02 04:48:15', '2019-09-02 04:48:15'),
(67, 1, 'Edit term', '', 'admin/term/{term}/edit', 'GET', 60, NULL, 0, 'Edit! ', 0, 1, '2019-09-02 04:48:15', '2019-09-02 04:48:15'),
(68, 1, 'Menu', 'fa-exclamation', '#', 'GET', 46, 0, 1, 'Parent Menu! ', 0, 1, '2019-09-02 05:19:26', '2019-09-02 05:28:00'),
(69, 1, 'All menu', 'fa-list', 'admin/menu', 'GET', 68, 0, 1, 'Data Tables! ', 0, 1, '2019-09-02 05:19:26', '2019-09-02 05:28:01'),
(70, 1, 'Save menu', '', 'admin/menu', 'POST', 68, NULL, 0, 'Store! ', 0, 1, '2019-09-02 05:19:26', '2019-09-02 05:19:26'),
(71, 1, 'Add menu', 'fa-pencil-square-o', 'admin/menu/create', 'GET', 68, 1, 1, 'Create! ', 0, 1, '2019-09-02 05:19:26', '2019-09-02 05:28:01'),
(72, 1, 'Update menu', '', 'admin/menu/{menu}', 'PUT', 68, NULL, 0, 'Update! ', 0, 1, '2019-09-02 05:19:26', '2019-09-02 05:19:26'),
(73, 1, 'Show menu', '', 'admin/menu/{menu}', 'GET', 68, NULL, 0, 'Show! ', 0, 1, '2019-09-02 05:19:26', '2019-09-02 05:19:26'),
(74, 1, 'Destroy menu', '', 'admin/menu/{menu}', 'DELETE', 68, NULL, 0, 'Destroy! ', 0, 1, '2019-09-02 05:19:26', '2019-09-02 05:19:26'),
(75, 1, 'Edit menu', '', 'admin/menu/{menu}/edit', 'GET', 68, NULL, 0, 'Edit! ', 0, 1, '2019-09-02 05:19:26', '2019-09-02 05:19:26'),
(76, 1, 'Clone Menu', '', 'admin/menu/{menu}/clone', 'GET', 68, NULL, 0, 'This is the menu cloning request.', 0, 1, '2019-09-02 05:23:37', '2019-09-02 05:23:37'),
(77, 1, 'Menu Group', 'fa-cubes', '#', 'GET', 46, 2, 1, 'Parent Menu! ', 0, 1, '2019-09-02 05:24:56', '2019-09-02 05:28:00'),
(78, 1, 'All group-menu', 'fa-list', 'admin/group-menu', 'GET', 77, NULL, 1, 'Data Tables! ', 0, 1, '2019-09-02 05:24:56', '2019-09-02 05:24:56'),
(79, 1, 'Save group-menu', '', 'admin/group-menu', 'POST', 77, NULL, 0, 'Store! ', 0, 1, '2019-09-02 05:24:56', '2019-09-02 05:24:56'),
(80, 1, 'Add group-menu', 'fa-pencil-square-o', 'admin/group-menu/create', 'GET', 77, NULL, 1, 'Create! ', 0, 1, '2019-09-02 05:24:56', '2019-09-02 05:24:56'),
(81, 1, 'Update group-menu', '', 'admin/group-menu/{group_menu}', 'PUT', 77, NULL, 0, 'Update! ', 0, 1, '2019-09-02 05:24:56', '2019-09-02 05:24:56'),
(82, 1, 'Show group-menu', '', 'admin/group-menu/{group_menu}', 'GET', 77, NULL, 0, 'Show! ', 0, 1, '2019-09-02 05:24:56', '2019-09-02 05:24:56'),
(83, 1, 'Destroy group-menu', '', 'admin/group-menu/{group_menu}', 'DELETE', 77, NULL, 0, 'Destroy! ', 0, 1, '2019-09-02 05:24:56', '2019-09-02 05:24:56'),
(84, 1, 'Edit group-menu', '', 'admin/group-menu/{group_menu}/edit', 'GET', 77, NULL, 0, 'Edit! ', 0, 1, '2019-09-02 05:24:56', '2019-09-02 05:24:56'),
(85, 1, 'Add to Group', 'fa-university', '#', 'GET', 46, 1, 1, 'Parent Menu! ', 0, 1, '2019-09-02 05:27:17', '2019-09-02 05:28:00'),
(86, 1, 'All menu-grouping', 'fa-list', 'admin/menu-grouping', 'GET', 85, NULL, 1, 'Data Tables! ', 0, 1, '2019-09-02 05:27:17', '2019-09-02 05:27:17'),
(87, 1, 'Save menu-grouping', '', 'admin/menu-grouping', 'POST', 85, NULL, 0, 'Store! ', 0, 1, '2019-09-02 05:27:17', '2019-09-02 05:27:17'),
(88, 1, 'Add menu-grouping', 'fa-pencil-square-o', 'admin/menu-grouping/create', 'GET', 85, NULL, 1, 'Create! ', 0, 1, '2019-09-02 05:27:17', '2019-09-02 05:27:17'),
(89, 1, 'Update menu-grouping', '', 'admin/menu-grouping/{menu_grouping}', 'PUT', 85, NULL, 0, 'Update! ', 0, 1, '2019-09-02 05:27:17', '2019-09-02 05:27:17'),
(90, 1, 'Show menu-grouping', '', 'admin/menu-grouping/{menu_grouping}', 'GET', 85, NULL, 0, 'Show! ', 0, 1, '2019-09-02 05:27:17', '2019-09-02 05:27:17'),
(91, 1, 'Destroy menu-grouping', '', 'admin/menu-grouping/{menu_grouping}', 'DELETE', 85, NULL, 0, 'Destroy! ', 0, 1, '2019-09-02 05:27:18', '2019-09-02 05:27:18'),
(92, 1, 'Edit menu-grouping', '', 'admin/menu-grouping/{menu_grouping}/edit', 'GET', 85, NULL, 0, 'Edit! ', 0, 1, '2019-09-02 05:27:18', '2019-09-02 05:27:18'),
(93, 1, 'Menu Alignment Save', '', 'admin/save-front-menu-alignment', 'POST', 0, NULL, 0, 'Menu Alignment Save', 0, 1, '2019-09-02 05:30:53', '2019-09-02 05:30:53'),
(94, 1, 'Media Control', 'fa-picture-o', '#', 'GET', 0, 1, 1, 'This is the Media Control main menu.', 0, 1, '2019-09-02 05:37:18', '2019-09-04 03:01:09'),
(95, 1, 'Manage Image', 'fa-file-image-o', 'admin/manage-image', 'GET', 94, NULL, 1, 'Manage Image menu.', 0, 1, '2019-09-02 05:43:59', '2019-09-02 05:43:59'),
(96, 1, 'Manage file', 'fa-file-o', 'admin/manage-file', 'GET', 94, NULL, 1, 'Manage file menu.', 0, 1, '2019-09-02 05:45:27', '2019-09-02 05:45:27'),
(97, 1, 'Pages', 'fa-columns', '#', 'GET', 0, 0, 1, 'Parent Menu! ', 0, 1, '2019-09-04 00:12:35', '2019-09-04 03:01:09'),
(98, 1, 'All page', 'fa-list', 'admin/page', 'GET', 97, NULL, 1, 'Data Tables! ', 0, 1, '2019-09-04 00:12:35', '2019-09-04 00:12:35'),
(99, 1, 'Save page', '', 'admin/page', 'POST', 97, NULL, 0, 'Store! ', 0, 1, '2019-09-04 00:12:35', '2019-09-04 00:12:35'),
(100, 1, 'Add page', 'fa-pencil-square-o', 'admin/page/create', 'GET', 97, NULL, 1, 'Create! ', 0, 1, '2019-09-04 00:12:35', '2019-09-04 00:12:35'),
(101, 1, 'Update page', '', 'admin/page/{page}', 'PUT', 97, NULL, 0, 'Update! ', 0, 1, '2019-09-04 00:12:35', '2019-09-04 00:12:35'),
(102, 1, 'Show page', '', 'admin/page/{page}', 'GET', 97, NULL, 0, 'Show! ', 0, 1, '2019-09-04 00:12:35', '2019-09-04 00:12:35'),
(103, 1, 'Destroy page', '', 'admin/page/{page}', 'DELETE', 97, NULL, 0, 'Destroy! ', 0, 1, '2019-09-04 00:12:36', '2019-09-04 00:12:36'),
(104, 1, 'Edit page', '', 'admin/page/{page}/edit', 'GET', 97, NULL, 0, 'Edit! ', 0, 1, '2019-09-04 00:12:36', '2019-09-04 00:12:36'),
(105, 1, 'Manage taxonomy', '', '#', 'GET', 60, NULL, 0, 'Parent Menu!', 0, 1, '2019-09-04 09:54:53', '2019-09-04 10:06:09'),
(106, 1, 'All admin/term/taxonomy', 'fa-list', 'admin/term/taxonomy', 'GET', 105, NULL, 0, 'Data Tables!', 0, 1, '2019-09-04 09:54:53', '2019-09-04 10:02:23'),
(107, 1, 'Save admin/term/taxonomy', '', 'admin/term/taxonomy', 'POST', 105, NULL, 0, 'Store!', 0, 1, '2019-09-04 09:54:53', '2019-09-04 10:01:54'),
(108, 1, 'Add admin/term/taxonomy', 'fa-pencil-square-o', 'admin/term/taxonomy/create', 'GET', 105, NULL, 0, 'Create!', 0, 1, '2019-09-04 09:54:53', '2019-09-04 09:58:13'),
(109, 1, 'Update admin/term/taxonomy', '', 'admin/term/taxonomy/{taxonomy}', 'PUT', 105, NULL, 0, 'Update!', 0, 1, '2019-09-04 09:54:53', '2019-09-04 09:57:57'),
(110, 1, 'Show admin/term/taxonomy', '', 'admin/term/taxonomy/{taxonomy}', 'GET', 105, NULL, 0, 'Show!', 0, 1, '2019-09-04 09:54:53', '2019-09-04 09:57:37'),
(111, 1, 'Destroy admin/term/taxonomy', '', 'admin/term/taxonomy/{taxonomy}', 'DELETE', 105, NULL, 0, 'Destroy!', 0, 1, '2019-09-04 09:54:53', '2019-09-04 09:56:10'),
(112, 1, 'Edit admin/term/taxonomy', '', 'admin/term/taxonomy/{taxonomy}/edit', 'GET', 105, NULL, 0, 'Edit!', 0, 1, '2019-09-04 09:54:54', '2019-09-04 09:55:35');

-- --------------------------------------------------------


INSERT INTO `front_menus` (`id`, `active`, `name`, `icon`, `actionType`, `action`, `menuClass`, `menuOrder`, `menuStyle`, `parent_id`, `description`, `is_delete`, `user_id`, `created_at`, `updated_at`) VALUES
(1, 1, 'About IsDB-BISEW', NULL, 'internalUrl', 'it-scholarship/welcome-to-idb-bisew', NULL, NULL, NULL, 0, 'This is the home menu.', 0, 1, '2019-09-02 21:53:06', '2019-09-04 00:43:15'),
(2, 1, 'WHAT WE DO', NULL, 'hashedUrl', '#', NULL, NULL, NULL, 0, NULL, 0, 1, '2019-09-02 22:00:54', '2019-09-04 00:43:05'),
(3, 1, 'IDB Bhaban', NULL, 'hashedUrl', '#', NULL, NULL, NULL, 0, NULL, 0, 1, '2019-09-04 00:36:03', '2019-09-04 00:42:58'),
(4, 1, 'Notice', NULL, 'internalUrl', 'notice', NULL, NULL, NULL, 0, NULL, 0, 1, '2019-09-04 00:43:38', '2019-09-04 00:43:38');

-- --------------------------------------------------------


INSERT INTO `front_menu_groupings` (`id`, `menu_id`, `group_id`, `menuOrder`, `is_permission`, `user_id`, `created_at`, `updated_at`) VALUES
(1, 1, 1, 0, 1, 1, '2019-09-02 22:01:12', '2019-09-04 00:44:04'),
(2, 2, 1, 1, 1, 1, '2019-09-02 22:01:12', '2019-09-04 00:44:04'),
(3, 3, 1, 2, 1, 1, '2019-09-04 00:44:04', '2019-09-04 00:44:04'),
(4, 4, 1, 3, 1, 1, '2019-09-04 00:44:04', '2019-09-04 00:44:04');

-- --------------------------------------------------------


INSERT INTO `menu_groups` (`id`, `name`, `slug_name`, `description`, `style`, `user_id`, `is_delete`, `created_at`, `updated_at`) VALUES
(1, 'Header menu', 'header-menu', 'This is the header menu for controlling the main menu.', 'mega', 1, 0, '2019-09-02 21:52:27', '2019-09-04 00:31:37'),
(2, 'Sidebar Menu', 'sidebar-menu', 'This is the Sidebar Menu for controlling the main menu.', 'horizontal', 1, 0, '2019-09-04 00:29:42', '2019-09-04 00:31:09'),
(3, 'Footer menu', 'footer-menu', 'This Footer menu is control footer menu.', 'horizontal', 1, 0, '2019-09-04 00:32:10', '2019-09-04 00:32:10');

-- --------------------------------------------------------


INSERT INTO `migrations` (`id`, `migration`, `batch`) VALUES
(214, '2014_10_12_000000_create_users_table', 1),
(215, '2014_10_12_100000_create_password_resets_table', 1),
(216, '2019_04_29_085332_create_roles_table', 1),
(217, '2019_04_29_142653_create_admin_menus_table', 1),
(218, '2019_04_30_141623_create_user_permissions_table', 1),
(219, '2019_05_05_050246_create_front_menus_table', 1),
(220, '2019_05_07_064427_create_menu_groups_table', 1),
(221, '2019_05_08_073715_create_front_menu_groupings_table', 1),
(222, '2019_05_11_073836_create_term_taxonomies_table', 1),
(223, '2019_05_12_033227_create_taxonomies_table', 1),
(224, '2019_05_16_080335_create_modules_table', 1),
(225, '2019_05_24_060022_create_posts_table', 1),
(226, '2019_05_25_112652_create_attachments_table', 1),
(227, '2019_05_25_114845_create_comments_table', 1),
(228, '2019_05_25_120714_create_term_relations_table', 1),
(229, '2019_06_20_122528_create_rounds_table', 1),
(230, '2019_06_20_172126_create_companies_table', 1),
(231, '2019_06_23_132423_create_positions_table', 1),
(232, '2019_06_23_142545_create_subjects_table', 1),
(233, '2019_06_23_153710_create_students_table', 1),
(234, '2019_06_24_161427_create_case_study_relations_table', 1),
(235, '2019_07_08_094112_create_settings_table', 1),
(236, '2019_07_21_101745_create_advertisements_table', 1),
(237, '2019_07_21_162956_advertise_relations', 1),
(238, '2019_07_30_133535_create_galleries_table', 1),
(239, '2019_08_25_160258_create_gallery_relation_table', 1),
(318, '2014_10_12_000000_create_users_table', 1),
(319, '2014_10_12_100000_create_password_resets_table', 1),
(320, '2019_04_29_085332_create_roles_table', 1),
(321, '2019_04_29_142653_create_admin_menus_table', 1),
(322, '2019_04_30_141623_create_user_permissions_table', 1),
(323, '2019_05_05_050246_create_front_menus_table', 1),
(324, '2019_05_07_064427_create_menu_groups_table', 1),
(325, '2019_05_08_073715_create_front_menu_groupings_table', 1),
(326, '2019_05_11_073836_create_term_taxonomies_table', 1),
(327, '2019_05_12_033227_create_taxonomies_table', 1),
(328, '2019_05_16_080335_create_modules_table', 1),
(329, '2019_05_24_060022_create_posts_table', 1),
(330, '2019_05_25_112652_create_attachments_table', 1),
(331, '2019_05_25_114845_create_comments_table', 1),
(332, '2019_05_25_120714_create_term_relations_table', 1),
(333, '2019_06_20_122528_create_rounds_table', 1),
(334, '2019_06_20_172126_create_companies_table', 1),
(335, '2019_06_23_132423_create_positions_table', 1),
(336, '2019_06_23_142545_create_subjects_table', 1),
(337, '2019_06_23_153710_create_students_table', 1),
(338, '2019_06_24_161427_create_case_study_relations_table', 1),
(339, '2019_07_08_094112_create_settings_table', 1),
(340, '2019_07_21_101745_create_advertisements_table', 1),
(341, '2019_07_21_162956_advertise_relations', 1),
(342, '2019_07_30_133535_create_galleries_table', 1),
(343, '2019_08_25_160258_create_gallery_relation_table', 1);

-- --------------------------------------------------------


INSERT INTO `roles` (`id`, `active`, `name`, `description`, `user_id`, `is_delete`, `created_at`, `updated_at`) VALUES
(1, 1, 'Super-admin', 'This is the Master Role.', 1, 0, '2019-08-28 22:59:49', '2019-08-28 22:59:49'),
(2, 1, 'Administrator', 'Administrator user role.', 1, 0, '2019-08-28 23:18:50', '2019-08-28 23:18:50'),
(3, 1, 'Editor', 'This is Editor user role.', 1, 0, '2019-08-28 23:19:17', '2019-08-28 23:19:17'),
(4, 1, 'Contributor', 'This is Contributor user role.', 1, 0, '2019-08-28 23:20:01', '2019-08-28 23:20:01'),
(5, 1, 'Subscriber', 'This is Subscriber user role.', 1, 0, '2019-08-28 23:20:32', '2019-08-28 23:20:32');

-- --------------------------------------------------------


INSERT INTO `settings` (`id`, `active`, `key`, `value`, `user_id`, `created_at`, `updated_at`) VALUES
(1, 1, 'site_title', 'IsDB-BISEW', 1, NULL, '2019-09-03 23:55:19'),
(2, 1, 'tagline', 'Islamic Development Bank-Bangladesh Islamic Solidarity Educational Wakf', 1, NULL, '2019-09-03 23:55:19'),
(3, 1, 'logo_preview', 'title', 1, NULL, '2019-09-03 23:55:19'),
(4, 1, 'logo_picture', 'photos/shares/Logos/2019-09/1567575687-logo.png', 1, NULL, '2019-09-03 23:41:27'),
(5, 1, 'home_url', 'http://www.idb-bisew.org', 1, NULL, '2019-09-03 23:55:19'),
(6, 1, 'meta_title', 'Islamic Development Bank-Bangladesh Islamic Solidarity Educational Wakf (IsDB-BISEW)', 1, NULL, '2019-09-03 23:55:19'),
(7, 1, 'meta_desc', 'Islamic Development Bank-Bangladesh Islamic Solidarity Educational Wakf  was established following an agreement between the Islamic Development Bank, Jeddah, Saudi Arabia, and the Government of Bangladesh.', 1, NULL, '2019-09-03 23:55:20'),
(8, 1, 'meta_picture', 'photos/shares/Meta-Picture/2019-09/1567576386-177585.jpg', 1, NULL, '2019-09-03 23:53:07'),
(9, 1, 'date_format', 'd-m-Y', 1, NULL, '2019-09-03 23:55:20'),
(10, 1, 'time_format', 'g:i a', 1, NULL, '2019-09-03 23:55:20'),
(11, 1, 'default_theme', 'default', 1, NULL, '2019-09-04 02:43:09'),
(12, 1, 'facebook_url', 'https://www.youtube.com/channel/UCpkDA8qqR7tfvvTeXna5mkw', 1, NULL, '2019-09-03 23:55:20'),
(13, 1, 'linkedin_url', 'https://www.youtube.com/channel/UCpkDA8qqR7tfvvTeXna5mkw', 1, NULL, '2019-09-03 23:55:20'),
(14, 1, 'youtube_url', NULL, 1, NULL, '2019-09-03 23:55:20'),
(15, 1, 'meta_key', 'isdb, isdb-bisew', 1, NULL, '2019-09-03 23:55:19');

-- --------------------------------------------------------


INSERT INTO `users` (`id`, `active`, `firstName`, `LastName`, `gender`, `role_id`, `is_delete`, `picture`, `email`, `email_verified_at`, `password`, `remember_token`, `created_at`, `updated_at`) VALUES
(1, 1, 'Super-Admin', NULL, 'male', 1, 0, 'photos/shares/Avatar/2019-09/1567319260-head-659652_960_720.png', 'superadmin@email.com', '2019-08-28 23:03:02', '$2y$10$3W/P5xsaKoaoYYP2uzceBO1CPOjDpi/SBUTQOI8NKB66Nd982as/u', NULL, '2019-08-28 23:01:17', '2019-08-28 23:03:02'),
(2, 1, 'Administrator', NULL, 'male', 2, 0, 'photos/shares/Avatar/2019-09/1567319260-head-659652_960_720.png', 'administrator@email.com', NULL, '$2y$10$TWuH1/gOOz7ZpZYtsbQf6OKVLvQYSkfSNx42T.PrwhG0PX0bpDDWq', NULL, '2019-08-28 23:27:53', '2019-09-01 00:27:40'),
(3, 1, 'Editor', NULL, 'male', 3, 0, 'photos/shares/Avatar/2019-09/1567319279-dummy-profile-pic-1.jpg', 'editor@email.com', NULL, '$2y$10$GjBnfevpGSBjkofuCVt1Eebs3QjoHvss/QcosSYeurrKD4WAw5TrS', NULL, '2019-08-28 23:28:19', '2019-09-01 00:27:59'),
(4, 1, 'Contributor', NULL, 'male', 4, 0, 'photos/shares/Avatar/2019-09/1567319297-user-307993__340.png', 'contributor@email.com', NULL, '$2y$10$VI7H.V.MAzyuburyYvcQZu99UPVIsrkT9aIUv00Nq1UDCABZHj1ge', NULL, '2019-08-28 23:28:45', '2019-09-01 00:28:18'),
(5, 1, 'Subscriber', NULL, 'male', 5, 0, 'photos/shares/Avatar/2019-09/1567319311-images.png', 'Subscriber@email.com', NULL, '$2y$10$ZqfN/Afb4cYa7xLCwHPehu2Lyex10HzvI0vYNSSZ1EE0FapPXesH6', NULL, '2019-08-28 23:29:08', '2019-09-01 00:28:31');

-- --------------------------------------------------------


INSERT INTO `user_permissions` (`id`, `menu_id`, `role_id`, `is_permission`, `user_id`, `created_at`, `updated_at`) VALUES
(1, 1, 1, 1, 1, NULL, NULL),
(2, 2, 1, 1, 1, NULL, NULL),
(3, 3, 1, 1, 1, NULL, NULL),
(4, 4, 1, 1, 1, NULL, NULL),
(5, 5, 1, 1, 1, NULL, NULL),
(6, 6, 1, 1, 1, NULL, NULL),
(7, 7, 1, 1, 1, NULL, NULL),
(8, 8, 1, 1, 1, NULL, NULL),
(9, 9, 1, 1, 1, NULL, NULL),
(10, 10, 1, 1, 1, NULL, NULL),
(11, 11, 1, 1, 1, NULL, NULL),
(12, 12, 1, 1, 1, NULL, NULL),
(13, 13, 1, 1, 1, NULL, NULL),
(14, 14, 1, 1, 1, NULL, NULL),
(15, 15, 1, 1, 1, NULL, NULL),
(16, 16, 1, 1, 1, NULL, NULL),
(17, 17, 1, 1, 1, NULL, NULL),
(18, 18, 1, 1, 1, NULL, NULL),
(19, 19, 1, 1, 1, NULL, NULL),
(20, 20, 1, 1, 1, NULL, NULL),
(21, 21, 1, 1, 1, NULL, NULL),
(22, 22, 1, 1, 1, NULL, NULL),
(23, 23, 1, 1, 1, NULL, NULL),
(24, 24, 1, 1, 1, NULL, NULL),
(25, 25, 1, 1, 1, NULL, NULL),
(26, 26, 1, 1, 1, NULL, NULL),
(27, 27, 1, 1, 1, NULL, NULL),
(28, 28, 1, 1, 1, NULL, NULL),
(29, 29, 1, 1, 1, NULL, NULL),
(30, 30, 1, 1, 1, NULL, NULL),
(31, 31, 1, 1, 1, NULL, NULL),
(32, 32, 1, 1, 1, NULL, NULL),
(33, 33, 1, 1, 1, NULL, NULL),
(34, 34, 1, 1, 1, NULL, NULL),
(35, 35, 1, 1, 1, NULL, NULL),
(36, 36, 1, 1, 1, NULL, NULL),
(37, 37, 1, 1, 1, NULL, NULL),
(38, 38, 1, 1, 1, NULL, NULL),
(39, 1, 2, 1, 1, '2019-08-28 23:29:56', '2019-08-28 23:29:56'),
(40, 20, 2, 1, 1, '2019-08-28 23:29:56', '2019-08-28 23:29:56'),
(41, 22, 2, 1, 1, '2019-08-28 23:29:56', '2019-08-28 23:29:56'),
(42, 24, 2, 1, 1, '2019-08-28 23:29:57', '2019-08-28 23:29:57'),
(43, 25, 2, 1, 1, '2019-08-28 23:29:57', '2019-08-28 23:29:57'),
(44, 26, 2, 1, 1, '2019-08-28 23:29:57', '2019-08-28 23:29:57'),
(45, 27, 2, 1, 1, '2019-08-28 23:29:57', '2019-08-28 23:29:57'),
(46, 21, 2, 1, 1, '2019-08-28 23:29:57', '2019-08-28 23:29:57'),
(47, 23, 2, 1, 1, '2019-08-28 23:29:57', '2019-08-28 23:29:57'),
(48, 12, 2, 1, 1, '2019-08-28 23:30:19', '2019-08-28 23:30:19'),
(49, 14, 2, 1, 1, '2019-08-28 23:30:19', '2019-08-28 23:30:19'),
(50, 16, 2, 1, 1, '2019-08-28 23:30:19', '2019-08-28 23:30:19'),
(51, 17, 2, 1, 1, '2019-08-28 23:30:19', '2019-08-28 23:30:19'),
(52, 18, 2, 1, 1, '2019-08-28 23:30:19', '2019-08-28 23:30:19'),
(53, 19, 2, 1, 1, '2019-08-28 23:30:19', '2019-08-28 23:30:19'),
(54, 13, 2, 1, 1, '2019-08-28 23:30:19', '2019-08-28 23:30:19'),
(55, 15, 2, 1, 1, '2019-08-28 23:30:19', '2019-08-28 23:30:19'),
(56, 39, 1, 1, 1, NULL, NULL),
(57, 40, 1, 1, 1, NULL, NULL),
(58, 41, 1, 1, 1, NULL, NULL),
(59, 42, 1, 1, 1, NULL, NULL),
(60, 43, 1, 1, 1, NULL, NULL),
(61, 44, 1, 1, 1, NULL, NULL),
(62, 45, 1, 1, 1, NULL, NULL),
(63, 46, 1, 1, 1, NULL, NULL),
(64, 47, 1, 1, 1, NULL, NULL),
(65, 48, 1, 1, 1, NULL, NULL),
(66, 49, 1, 1, 1, NULL, NULL),
(67, 50, 1, 1, 1, NULL, NULL),
(68, 51, 1, 1, 1, NULL, NULL),
(69, 52, 1, 1, 1, NULL, NULL),
(70, 53, 1, 1, 1, NULL, NULL),
(71, 54, 1, 1, 1, NULL, NULL),
(72, 55, 1, 1, 1, NULL, NULL),
(73, 56, 1, 1, 1, NULL, NULL),
(74, 57, 1, 1, 1, NULL, NULL),
(75, 58, 1, 1, 1, NULL, NULL),
(76, 59, 1, 1, 1, NULL, NULL),
(77, 60, 1, 1, 1, NULL, NULL),
(78, 61, 1, 1, 1, NULL, NULL),
(79, 62, 1, 1, 1, NULL, NULL),
(80, 63, 1, 1, 1, NULL, NULL),
(81, 64, 1, 1, 1, NULL, NULL),
(82, 65, 1, 1, 1, NULL, NULL),
(83, 66, 1, 1, 1, NULL, NULL),
(84, 67, 1, 1, 1, NULL, NULL),
(85, 68, 1, 1, 1, NULL, NULL),
(86, 69, 1, 1, 1, NULL, NULL),
(87, 70, 1, 1, 1, NULL, NULL),
(88, 71, 1, 1, 1, NULL, NULL),
(89, 72, 1, 1, 1, NULL, NULL),
(90, 73, 1, 1, 1, NULL, NULL),
(91, 74, 1, 1, 1, NULL, NULL),
(92, 75, 1, 1, 1, NULL, NULL),
(93, 76, 1, 1, 1, NULL, NULL),
(94, 77, 1, 1, 1, NULL, NULL),
(95, 78, 1, 1, 1, NULL, NULL),
(96, 79, 1, 1, 1, NULL, NULL),
(97, 80, 1, 1, 1, NULL, NULL),
(98, 81, 1, 1, 1, NULL, NULL),
(99, 82, 1, 1, 1, NULL, NULL),
(100, 83, 1, 1, 1, NULL, NULL),
(101, 84, 1, 1, 1, NULL, NULL),
(102, 85, 1, 1, 1, NULL, NULL),
(103, 86, 1, 1, 1, NULL, NULL),
(104, 87, 1, 1, 1, NULL, NULL),
(105, 88, 1, 1, 1, NULL, NULL),
(106, 89, 1, 1, 1, NULL, NULL),
(107, 90, 1, 1, 1, NULL, NULL),
(108, 91, 1, 1, 1, NULL, NULL),
(109, 92, 1, 1, 1, NULL, NULL),
(110, 93, 1, 1, 1, NULL, NULL),
(111, 94, 1, 1, 1, NULL, NULL),
(112, 95, 1, 1, 1, NULL, NULL),
(113, 96, 1, 1, 1, NULL, NULL),
(114, 97, 1, 1, 1, NULL, NULL),
(115, 98, 1, 1, 1, NULL, NULL),
(116, 99, 1, 1, 1, NULL, NULL),
(117, 100, 1, 1, 1, NULL, NULL),
(118, 101, 1, 1, 1, NULL, NULL),
(119, 102, 1, 1, 1, NULL, NULL),
(120, 103, 1, 1, 1, NULL, NULL),
(121, 104, 1, 1, 1, NULL, NULL),
(122, 105, 1, 1, 1, NULL, NULL),
(123, 106, 1, 1, 1, NULL, NULL),
(124, 107, 1, 1, 1, NULL, NULL),
(125, 108, 1, 1, 1, NULL, NULL),
(126, 109, 1, 1, 1, NULL, NULL),
(127, 110, 1, 1, 1, NULL, NULL),
(128, 111, 1, 1, 1, NULL, NULL),
(129, 112, 1, 1, 1, NULL, NULL);
